{
    "loss": 0.23354841768741608,
    "accuracy": 0.9712643623352051
}