{
    "loss": 0.7918712496757507,
    "accuracy": 0.9367815852165222
}