{
    "loss": 0.19103018939495087,
    "accuracy": 0.9885057210922241
}