{
    "loss": 0.8863837718963623,
    "accuracy": 0.8965517282485962
}