{
    "loss": 0.5534287095069885,
    "accuracy": 0.931034505367279
}