{
    "loss": 0.4651598036289215,
    "accuracy": 0.931034505367279
}