{
    "loss": 0.6866369247436523,
    "accuracy": 0.6896551847457886
}