{
    "loss": 0.6733267903327942,
    "accuracy": 0.6896551847457886
}